"1";"Champion Petfoods LTD.";"2012-03-28 23:02:24";"2012-04-04 00:37:18";"1"
"2";"Champion Petfoods LTD";"2012-03-28 23:02:26";"2012-04-04 00:37:35";"1"
"3";"Extrudia a.s. ";"2012-03-28 23:02:28";"2012-03-28 23:02:28";"1"
"4";"ANKA CZ s.r.o.(Kanadská obch.sp. s.r.o.)";"2012-03-28 23:02:29";"2012-03-28 23:02:29";"1"
"5";"BiOMill";"2012-04-01 17:33:06";"2012-04-01 17:33:06";"1"
"6";"Trixie";"2012-04-01 17:33:07";"2012-04-01 17:33:07";"1"
"7";"Bosch Tiernahrung GmbH & Co.";"2012-04-01 17:33:08";"2012-04-01 17:33:08";"1"
"8";"Provimi Pet Food CZ s.r.o.";"2012-04-01 17:33:09";"2012-04-01 17:33:09";"1"
"10";"VAFO Praha s.r.o.";"2012-04-01 17:33:10";"2012-04-01 17:33:10";"1"
"11";"NOVIKO a.s. - Calibra suché krmivo";"2012-04-01 17:33:11";"2012-04-01 17:33:11";"1"
"12";"MARS, kom.spol.";"2012-04-03 20:24:02";"2012-04-03 20:24:02";"1"
"13";"SALAĆ velkoobchod Propac ";"2012-04-03 20:24:02";"2012-04-03 20:24:02";"1"
"14";"Extrudia a.s. Puffins";"2012-04-03 20:24:04";"2012-04-03 20:24:04";"1"
"15";"Aquamid s.r.o.";"2012-04-03 20:24:05";"2012-04-03 20:24:05";"1"
"16";"Purina";"2012-04-03 20:24:05";"2012-04-03 20:24:05";"1"
"17";"NOVIKO a.s. ";"2012-04-03 21:07:50";"2012-04-03 21:07:50";"1"
"18";"NOVIKO a.s";"2012-04-03 21:07:51";"2012-04-03 21:07:51";"1"
"19";"Delikan ";"2012-04-03 21:07:52";"2012-04-03 21:07:52";"1"
"20";"Dibaq a.s.";"2012-04-03 21:07:54";"2012-04-03 21:07:54";"1"
"21";"Tekro s.r.o.";"2012-04-03 21:07:55";"2012-04-03 21:07:55";"1"
"22";"Eukanuba-Iams";"2012-04-03 21:07:56";"2012-04-03 21:07:56";"1"
"23";"Fitmin a.s.";"2012-04-03 21:08:01";"2012-04-03 21:08:01";"1"
"24";"Elmira Pet Products(MapleLodgeFarm.P.F.)";"2012-04-05 00:19:05";"2012-04-05 00:19:05";"0"
"25";"Hill´s Pet Nutrition";"2012-04-05 00:19:05";"2012-04-05 00:19:05";"0"
"26";"Elmira Pet Products";"2012-04-05 00:19:06";"2012-04-05 00:19:06";"0"
"27";"Biofaktory krmení";"2012-04-05 00:19:10";"2012-04-05 00:19:10";"0"
"28";"Askino";"2012-04-10 09:09:55";"2012-04-10 09:09:55";"0"
"29";"Euroben ,s.r.o.";"2012-06-02 17:45:59";"2012-06-02 17:45:59";"0"
"30";"UNIVIT s.r.o.";"2012-06-02 17:46:04";"2012-06-02 17:46:04";"0"
"31";"Biofaktory Praha s.r.o.";"2012-06-02 17:46:04";"2012-06-02 17:46:04";"0"
"32";"Vitakraft ";"2012-06-02 17:46:09";"2012-06-02 17:46:09";"0"
"33";"Flexi";"2012-06-02 17:46:23";"2012-06-02 17:46:23";"0"
"34";"Zero DC s.r.o.";"2012-06-02 17:46:26";"2012-06-02 17:46:26";"0"
"35";"VARI KENNEL";"2012-06-02 17:46:27";"2012-06-02 17:46:27";"0"
"36";"Nahácký NH";"2012-06-02 17:46:35";"2012-06-02 17:46:35";"0"
"37";" Trixie";"2012-06-02 17:46:38";"2012-06-02 17:46:38";"0"
"38";"Pharma United";"2012-06-02 17:46:43";"2012-06-02 17:46:43";"0"
"39";"Orling s.r.o.";"2012-06-02 17:46:43";"2012-06-02 17:46:43";"0"
"40";"Altromin International";"2012-06-02 17:46:43";"2012-06-02 17:46:43";"0"
"41";"Tatrachema";"2012-06-02 17:46:50";"2012-06-02 17:46:50";"0"
"42";"Sanal";"2012-06-02 17:46:51";"2012-06-02 17:46:51";"0"
"43";"VIRBAC ";"2012-06-02 17:46:51";"2012-06-02 17:46:51";"0"
"44";"Probiotics International Ltd.";"2012-06-02 17:46:51";"2012-06-02 17:46:51";"0"
"45";"BEAPHAR";"2012-06-02 17:46:51";"2012-06-02 17:46:51";"0"
"46";"Héry Laboratoires";"2012-06-02 17:46:52";"2012-06-02 17:46:52";"0"
"47";"Vétoquinol";"2012-06-02 17:46:52";"2012-06-02 17:46:52";"0"
"48";"ICF, Industria Chimica Fine s.r.i. ";"2012-06-02 17:46:52";"2012-06-02 17:46:52";"0"
"49";"TOPVET";"2012-06-02 17:46:52";"2012-06-02 17:46:52";"0"
"50";"Rosen Pharma a.s.";"2012-06-02 17:46:52";"2012-06-02 17:46:52";"0"
"51";"ZWILLING s.r.o. Giom";"2012-06-02 17:46:52";"2012-06-02 17:46:52";"0"
"52";"AVICENTRA";"2012-06-17 17:53:31";"2012-06-17 17:53:31";"0"
"53";"GRANUM";"2012-06-17 17:53:35";"2012-06-17 17:53:35";"0"
"54";"Witte Molen";"2012-06-17 17:53:40";"2012-06-17 17:53:40";"0"
"55";"Biofaktory";"2012-06-17 17:53:43";"2012-06-17 17:53:43";"0"
"56";"ANF";"2012-07-01 21:03:21";"2012-07-01 21:03:21";"0"
"57";"Almo Nature";"2012-07-01 21:03:24";"2012-07-01 21:03:24";"0"
"58";"STAZ  s.r.o. Arden Grange";"2012-07-01 21:03:27";"2012-07-01 21:03:27";"0"
"59";"Arion";"2012-07-01 21:03:31";"2012-07-01 21:03:31";"0"
"60";"Animonda";"2012-07-02 21:32:04";"2012-07-02 21:32:04";"0"
"61";"HEILAND různí výrobci";"2012-08-19 23:32:31";"2012-08-19 23:32:31";"0"
"62";"SG-VET různá zastoupení";"2012-08-19 23:32:34";"2012-08-19 23:32:34";"0"
"63";"Canina pharma GmbH CZ";"2012-08-19 23:32:37";"2012-08-19 23:32:37";"0"
"64";"Canina Pharma GmbH";"2012-08-19 23:32:39";"2012-08-19 23:32:39";"0"
"65";"Trouw Nutrition Biofaktory";"2012-08-19 23:32:45";"2012-08-19 23:32:45";"0"
"66";"CARESS,USA";"2012-08-19 23:32:52";"2012-08-19 23:32:52";"0"
"67";"Mgr.Olejníček Radek      Altervet ";"2012-08-19 23:32:53";"2012-08-19 23:32:53";"0"
"68";"Iv San Bernard";"2012-08-19 23:32:54";"2012-08-19 23:32:54";"0"
"69";"Josef Chejn , spol.s r.o..";"2012-08-19 23:32:54";"2012-08-19 23:32:54";"0"
"70";"DACOM Pharma s.r.o.";"2012-08-19 23:32:56";"2012-08-19 23:32:56";"0"
"71";"Curver";"2012-08-19 23:32:57";"2012-08-19 23:32:57";"0"
